canonical_identity,version,wrapper_occurrences,catalog_state,exact_url,archive_or_layer_sha256,upstream_manifest_digest,installer_oci_ref,installer_manifest_digest,installer_layer_digest
argo-cd/argo-cd,10.2.1,1,retained-exact,https://github.com/argoproj/argo-helm/releases/download/argo-cd-10.2.1/argo-cd-10.2.1.tgz,27e930e366d22c999002008ad5ec7961bda00410a84287210d0fffbee8150885,,,,
jetstack/cert-manager,v1.21.0,2,retained-exact,https://charts.jetstack.io/charts/cert-manager-v1.21.0.tgz,9c2c6fabf3cf8fe14dacb016f37c819b66bc2c79e8b7acde4573d45ec141fb97,,,,
external-secrets/external-secrets,2.8.0,2,retained-exact,https://github.com/external-secrets/external-secrets/releases/download/helm-chart-2.8.0/external-secrets-2.8.0.tgz,251e4615013c6d2f9ade5cedf1cd8615613f286bfc381e44fb005f197e611ecd,,,,
prometheus-community/kube-prometheus-stack,87.19.2,2,retained-exact,https://github.com/prometheus-community/helm-charts/releases/download/kube-prometheus-stack-87.19.2/kube-prometheus-stack-87.19.2.tgz,b846cc368aaafd122148c8eec9b361d3893c6068d6301ec20d41c8023dcd8c88,,,,
grafana/loki,7.1.0,1,additive-root,https://github.com/grafana/helm-charts/releases/download/helm-loki-7.1.0/loki-7.1.0.tgz,34361cca2bbb6fa975fd1aeec4f9d5e2b91e2c99af7dd6f9c14ef7fe646493d1,,oci://europe-west1-docker.pkg.dev/nth-fort-499605-q5/helm-expt/grafana-loki:7.1.0,sha256:83711c1b4b1dffabf4ee7f63a37853a59021f887062b1f78bddadb6b722fda1c,sha256:bc46d26a4002b46b9073b1e7f2a61d38a96ecae9aa8c23d5e936c2985bc58204
grafana/alloy,1.11.0,1,additive-root,https://github.com/grafana/helm-charts/releases/download/alloy-1.11.0/alloy-1.11.0.tgz,11d253b62e47beeacd89eb4283fc056962ecbf143984863c1998be13da0772dd,,oci://europe-west1-docker.pkg.dev/nth-fort-499605-q5/helm-expt/grafana-alloy:1.11.0,sha256:29de0719bc9bc52e2ad47616af1542ef4e9d1b79734ce33c224555a518efe305,sha256:1c852abf30f2d7c4e801f923f8feab4c620e51603c4a00a57f3fb3a99dd0112b
prometheus-community/prometheus-blackbox-exporter,11.15.1,1,retained-exact,https://github.com/prometheus-community/helm-charts/releases/download/prometheus-blackbox-exporter-11.15.1/prometheus-blackbox-exporter-11.15.1.tgz,4e8e45b8a6fbec4168d9b3e772a0219afec09b61c545af5f01395de363e30b5e,,,,
stakater/reloader,2.2.14,1,additive-root,https://stakater.github.io/stakater-charts/reloader-2.2.14.tgz,a21154a5b32df7c4d78c575e957ffa2af5afdfdf608415d3eb0a0da1d045dcec,,oci://europe-west1-docker.pkg.dev/nth-fort-499605-q5/helm-expt/stakater-reloader:2.2.14,sha256:e901ac5638834018bcee0433c2a4f8aa832bd84c8b8a958e116f6c268e672269,sha256:eeca278bc7280f67c3c24362539959616f5089e478b4233cc4f582fca2041c65
metrics-server/metrics-server,3.13.1,1,retained-exact,https://github.com/kubernetes-sigs/metrics-server/releases/download/metrics-server-helm-chart-3.13.1/metrics-server-3.13.1.tgz,084e6edb680cf4e2acc30bd496568c53fdf663cbacf6e17876b25785c35b7a13,,,,
oauth2-proxy/oauth2-proxy,10.7.0,1,additive-root,https://github.com/oauth2-proxy/manifests/releases/download/oauth2-proxy-10.7.0/oauth2-proxy-10.7.0.tgz,47b44c66fdfc42677d307cf8891f3de29863414bf265f6bef2020c273ff7e839,,oci://europe-west1-docker.pkg.dev/nth-fort-499605-q5/helm-expt/oauth2-proxy-oauth2-proxy:10.7.0,sha256:52ca76c189956363cc5e23fc29bd527d160c659236bcfd6fe5a4a1716f66eab9,sha256:e2ea12142ed6580180b3a968201b00c8eb6f6ee086caf3b40e69b44971f6fe65
kyverno/kyverno-policies,3.8.2,1,additive-root,https://kyverno.github.io/kyverno/kyverno-policies-3.8.2.tgz,a9e9377c7f068842274b9fce133832a4579c81429cb099a5956bb33bd66a0ccc,,oci://europe-west1-docker.pkg.dev/nth-fort-499605-q5/helm-expt/kyverno-kyverno-policies:3.8.2,sha256:204b16876ea9d7f9a487d3ad884f9b0c5f41e0e9a01d8b8c37c7bb6693575460,sha256:e7d016fe4f673dc4887602f3408e0f7ecae189da78d71d48673fcca781487a0e
external-dns/external-dns,1.21.1,1,supplemental-lock,https://github.com/kubernetes-sigs/external-dns/releases/download/external-dns-helm-chart-1.21.1/external-dns-1.21.1.tgz,5dd033a4b872bf641860695705ee460031d0bc695f114bf8926fee6736814e19,,,,
velero/velero,12.1.0,1,additive-root,https://github.com/vmware-tanzu/helm-charts/releases/download/velero-12.1.0/velero-12.1.0.tgz,cd23589ad1b2d25cdd3220f6866b3f6f4c5683c4c09494e76a14700b33f81f83,,oci://europe-west1-docker.pkg.dev/nth-fort-499605-q5/helm-expt/velero-velero:12.1.0,sha256:2a9fdd03dec5b0a44e7d39ee2b208844da73ddf95d94a08e383ce9b935d373e6,sha256:94798a27f0af0ef9032a333a71f711e5198f23becc78aa7b3baa082c5858d307
policy-reporter/policy-reporter,3.9.1,1,additive-root,https://github.com/kyverno/policy-reporter/releases/download/policy-reporter-3.9.1/policy-reporter-3.9.1.tgz,a7d00d9b79435bc40fb3049302e8e08da156f718713403042666bb699c569fb1,,oci://europe-west1-docker.pkg.dev/nth-fort-499605-q5/helm-expt/policy-reporter-policy-reporter:3.9.1,sha256:163983ccb94d0ad000007e5f50185210412833bcf9888b8f6bad51c1411bfc05,sha256:40621dbdce4489cad2f52e624efe72e5020a574017df3b53b626f667880fd5a6
longhorn/longhorn,1.12.0,1,additive-root,https://github.com/longhorn/charts/releases/download/longhorn-1.12.0/longhorn-1.12.0.tgz,869bb20701b154473606f1e8967b27f34f2448a2dfe6eb8970f1cae6957384f5,,oci://europe-west1-docker.pkg.dev/nth-fort-499605-q5/helm-expt/longhorn-longhorn:1.12.0,sha256:c39d4513809ca0a533d871bd93424e8f44c50e020de639e6758dc643ceb2c912,sha256:06a73e1d849b99b26da8c25ed683ffd3d6ce290b2a2feca1123d9c5ae7083a69
metallb/metallb,0.16.1,1,additive-root,https://github.com/metallb/metallb/releases/download/metallb-chart-0.16.1/metallb-0.16.1.tgz,fb06bb584fcb7856f15733b2a6a2aff5b61b5c350687e341c163ae24a5938adc,,oci://europe-west1-docker.pkg.dev/nth-fort-499605-q5/helm-expt/metallb-metallb:0.16.1,sha256:9889faee92425826615cec041c02335349bb843268cbef1114312dc8b15e252d,sha256:a8dda85492c18543c1f541be8a6e803a270f89bc7d9001c87bbabe4bdd6b7070
kyverno/kyverno,3.8.2,1,additive-root,https://kyverno.github.io/kyverno/kyverno-3.8.2.tgz,f4fc787cf1d6781eefb9e9b45837edcddcfae984c872888289914e97207cc5de,,oci://europe-west1-docker.pkg.dev/nth-fort-499605-q5/helm-expt/kyverno-kyverno:3.8.2,sha256:53b06a8062c1b7e92cebb21ec9d518332ddd9e237e48aa991b3bbfde9f798db3,sha256:0019bb5d14d3f0c4e01dd1b9fe6ac4d69f7ff9eb4352e5181892cdb35e66eef8
traefik/traefik,41.0.2,1,supplemental-lock,oci://ghcr.io/traefik/helm/traefik:41.0.2,a84ec5eae9f5507c8f0632d58a7eb10c9b7fd2a277b77740ee7460c55ecde49a,sha256:b64212403e056c14dbcac5bfd0030f89f0e08fccae370dd7cd96592ee745848e,,,
